{
  "groups": {
    "simple-web/apple-container": {
      "iterations": 3,
      "metrics": {
        "web": {
          "cgroup_memory_current_bytes": {
            "max": 16158720.0,
            "mean": 16003072.0,
            "min": 15912960.0,
            "n": 3,
            "p50": 15937536.0,
            "p95": 16136601.6,
            "p99": 16154296.32
          },
          "cgroup_memory_peak_bytes": {
            "max": 16658432.0,
            "mean": 16633856.0,
            "min": 16613376.0,
            "n": 3,
            "p50": 16629760.0,
            "p95": 16655564.8,
            "p99": 16657858.56
          },
          "disk_nginx_cache_bytes": {
            "max": 24576.0,
            "mean": 24576.0,
            "min": 24576.0,
            "n": 3,
            "p50": 24576.0,
            "p95": 24576.0,
            "p99": 24576.0
          },
          "disk_nginx_html_bytes": {
            "max": 12288.0,
            "mean": 12288.0,
            "min": 12288.0,
            "n": 3,
            "p50": 12288.0,
            "p95": 12288.0,
            "p99": 12288.0
          },
          "disk_postgres_data_bytes": {
            "max": null,
            "mean": null,
            "min": null,
            "n": 0,
            "p50": null,
            "p95": null,
            "p99": null
          },
          "load_cpu_percent": {
            "max": 8.51,
            "mean": 7.463333333333334,
            "min": 6.08,
            "n": 3,
            "p50": 7.8,
            "p95": 8.439,
            "p99": 8.495800000000001
          },
          "load_requests": {
            "max": 3796.0,
            "mean": 3190.3333333333335,
            "min": 2870.0,
            "n": 3,
            "p50": 2905.0,
            "p95": 3706.9,
            "p99": 3778.18
          },
          "proc_vmrss_bytes": {
            "max": 5734400.0,
            "mean": 5692074.666666667,
            "min": 5656576.0,
            "n": 3,
            "p50": 5685248.0,
            "p95": 5729484.8,
            "p99": 5733416.96
          },
          "runtime_block_read_bytes": {
            "max": 9573498.0,
            "mean": 9573498.0,
            "min": 9573498.0,
            "n": 3,
            "p50": 9573498.0,
            "p95": 9573498.0,
            "p99": 9573498.0
          },
          "runtime_block_write_bytes": {
            "max": 4096.0,
            "mean": 4096.0,
            "min": 4096.0,
            "n": 3,
            "p50": 4096.0,
            "p95": 4096.0,
            "p99": 4096.0
          },
          "runtime_cpu_percent": {
            "max": 0.0,
            "mean": 0.0,
            "min": 0.0,
            "n": 3,
            "p50": 0.0,
            "p95": 0.0,
            "p99": 0.0
          },
          "runtime_memory_usage_bytes": {
            "max": 15560867.0,
            "mean": 15480476.666666666,
            "min": 15330181.0,
            "n": 3,
            "p50": 15550382.0,
            "p95": 15559818.5,
            "p99": 15560657.3
          },
          "runtime_net_read_bytes": {
            "max": 8161.0,
            "mean": 5140.0,
            "min": 2887.0,
            "n": 3,
            "p50": 4372.0,
            "p95": 7782.1,
            "p99": 8085.22
          },
          "runtime_net_write_bytes": {
            "max": 1751.0,
            "mean": 1751.0,
            "min": 1751.0,
            "n": 3,
            "p50": 1751.0,
            "p95": 1751.0,
            "p99": 1751.0
          }
        }
      },
      "runtime": "apple-container",
      "scenario": "simple-web",
      "timings_s": {
        "delete": {
          "max": 0.11841866699978709,
          "mean": 0.11151705566589953,
          "min": 0.10237475000030827,
          "n": 3,
          "p50": 0.11375774999760324,
          "p95": 0.11795257529956871,
          "p99": 0.11832544865974341
        },
        "readiness_probe": {
          "max": 0.015838875002373243,
          "mean": 0.014084222001353433,
          "min": 0.012843666001572274,
          "n": 3,
          "p50": 0.013570125000114786,
          "p95": 0.015612000002147396,
          "p99": 0.015793500002328074
        },
        "start_command": {
          "max": 1.103208624997933,
          "mean": 0.9741822083330286,
          "min": 0.8700635419991158,
          "n": 3,
          "p50": 0.9492744580020371,
          "p95": 1.0878152082983434,
          "p99": 1.100129941658015
        },
        "stop": {
          "max": 0.2660703330002434,
          "mean": 0.2138209029993353,
          "min": 0.1861308339975949,
          "n": 3,
          "p50": 0.18926154200016754,
          "p95": 0.2583894539002358,
          "p99": 0.2645341571802419
        }
      }
    }
  }
}
